{
  "gitbook": "3.x.x",
  "title": "Spaceship ZSH",
  "plugins": ["edit-link", "github", "github-buttons", "anchorjs"],
  "pluginsConfig": {
    "edit-link": {
      "base": "https://github.com/denysdovhan/spaceship-prompt/tree/master",
      "label": "Edit This Page"
    },
    "github": {
      "url": "https://github.com/denysdovhan/spaceship-prompt/"
    },
    "github-buttons": {
      "buttons": [{
        "user": "denysdovhan",
        "repo": "spaceship-prompt",
        "type": "star",
        "size": "small",
        "count": true
      }]
    }
  }
}
